Bug_ID,Title,Severity,Priority,Status,Found_In_Version,Fixed_In_Version,Found_Date,Fixed_Date,Reported_By,Fixed_By,Root_Cause,Fix_Description,Related_Requirement,Remarks
BUG-001,CRC-16 Byte Order Incorrect in Registration Response,Critical,P1,Closed,v0.1,v0.1,21-12-2025,21-12-2025,Deepak,Deepak,CRC-16/Modbus checksum was appended Big Endian instead of Little Endian in the registration response packet,Corrected byte order to Little Endian in PacketAnalyzer; verified against hardware protocol spec,FR-002.3,Fixed same day during initial hardware testing
BUG-002,TCP Listener Port Not Released on Application Restart,High,P1,Closed,v0.1,v0.1,21-12-2025,22-12-2025,Deepak,Deepak,TcpListener was not stopped and disposed on application shutdown; port 9999 remained in TIME_WAIT causing bind failure on restart,Added proper StopAsync/Dispose in CircuitManager; used SetSocketOption(ReuseAddress) for quick restart,FR-002.1,
BUG-003,Registration Packet DeviceName Parsing Off-By-One,High,P1,Closed,v0.1,v0.1,22-12-2025,22-12-2025,Deepak,Deepak,DeviceName field (16 bytes at offset 5) was parsed starting at offset 4; all subsequent fields shifted by 1 byte,Corrected offset constants in HandleRegistrationAsync; verified all 33-byte field positions against PROTOCOL.md,FR-002.2,
BUG-004,Session SQLite Directory Not Created Before DB Open,High,P2,Closed,v0.1,v0.1,26-12-2025,26-12-2025,Deepak,Deepak,SqliteBulkDatabaseManager tried to open DB file before creating the date-subdirectory path; threw DirectoryNotFoundException,Added Directory.CreateDirectory(path) before SqliteConnection.Open() in BuildPath(),FR-004.3,
BUG-005,Blazor UI Not Refreshing After Hardware Data Event,High,P2,Closed,v0.1,v0.1,24-12-2025,24-12-2025,Deepak,Deepak,OnDataChanged event fired from background thread; Blazor StateHasChanged must be called on the UI thread via InvokeAsync,Wrapped all StateHasChanged() calls in InvokeAsync(() => StateHasChanged()) inside component event handlers,FR-003.4,
BUG-006,UDP Listener Only Binding on Loopback Interface,Medium,P2,Closed,v0.1,v0.1,23-12-2025,23-12-2025,Deepak,Deepak,UdpClient was created with IPAddress.Loopback instead of IPAddress.Any; hardware UDP packets from LAN not received,Changed UdpClient binding to IPAddress.Any for all UDP listeners on ports 10000 and 10001,FR-003.1,
BUG-007,User Registration - Duplicate Username Not Handled,Medium,P2,Closed,v0.1,v0.1,28-12-2025,28-12-2025,Deepak,Deepak,Creating a user with an existing username threw unhandled DbUpdateException; no user-friendly error shown,Added try/catch for DbUpdateException on user create; display validation message to admin,FR-008.1,
BUG-008,ServerSessionStorage Key Collision Between Users,High,P2,Closed,v0.2,v0.2,21-01-2026,21-01-2026,Deepak,Deepak,Session storage key was built using only ComponentTitle without including UserName; two users sharing the same component would overwrite each other's state,Changed key construction to UserName_ComponentTitle_DataTable ensuring per-user isolation,FR-010.6,
BUG-009,ConfigurationEntity Missing Unique Constraint on Key Column,Medium,P2,Closed,v0.2,v0.2,22-01-2026,22-01-2026,Deepak,Deepak,ConfigurationEntity.Key column had no unique index; duplicate keys possible causing silent data corruption on read,Added HasIndex(x => x.Key).IsUnique() in EF Core model configuration; added migration,FR-010.2,
BUG-010,ServerSessionStorage Background Cleanup Not Running,Low,P3,Closed,v0.2,v0.2,23-01-2026,23-01-2026,Deepak,Deepak,Background cleanup Task was started with Task.Run but not awaited as a proper hosted loop; cleanup never executed leaving expired items in memory,Converted cleanup to a proper while(!token.IsCancellationRequested) loop with Task.Delay(interval),FR-010.3,
BUG-011,DBC Parser Crashing on Comment Lines,High,P1,Closed,v0.3,v0.3,09-03-2026,09-03-2026,Deepak,Deepak,DBC file parser did not handle comment lines starting with //; IndexOutOfRangeException thrown when parsing valid DBC files with inline comments,Added comment line detection and skip logic at the start of the DBC line parser loop,FR-009.2,
BUG-012,Program Step Binary Encoding Wrong Byte for Step Type,Critical,P1,Closed,v0.3,v0.3,11-03-2026,11-03-2026,Deepak,Deepak,ProgramBuilder was encoding StepType enum starting at value 0 but hardware expected it starting at 1; all step types shifted by 1 causing wrong hardware behavior,Added +1 offset when encoding StepType byte in ProgramBuilder.BuildStepBytes(); verified against hardware firmware documentation,FR-005.5,
BUG-013,TCP Command Timeout Too Short for Large Program Upload,High,P2,Closed,v0.3,v0.3,12-03-2026,12-03-2026,Deepak,Deepak,SendAndWaitForResponseAsync used 3-second timeout; programs with many steps required multiple 0xBB packets and exceeded timeout before final ACK received,Increased TCP command timeout from 3s to 15s for program upload operations; applied per-command not globally,FR-005.3,
BUG-014,Program Upload Stops at Step 5 - Off-By-One in Chunk Loop,High,P1,Closed,v0.3,v0.3,12-03-2026,12-03-2026,Deepak,Deepak,SendProgramStepsAsync loop used i <= steps.Count instead of i < steps.Count causing the last chunk to be sent twice and loop to stop after step 5,Corrected loop boundary condition in step chunking loop,FR-005.3,
BUG-015,DBC Binary Transfer to Hardware Padding Incorrect,Medium,P2,Closed,v0.3,v0.3,14-03-2026,14-03-2026,Deepak,Deepak,DBC binary chunk was not padded to match hardware expected packet size of 1400 bytes; hardware rejected partial final chunks,Added zero-padding to final DBC chunk to reach 1400 byte boundary before sending,FR-005.6,
BUG-016,Session SQLite WAL Mode Not Enabled,Medium,P2,Closed,v0.4,v0.4,28-03-2026,28-03-2026,Deepak,Deepak,SqliteBulkDatabaseManager opened connections without enabling WAL mode; under burst write load SQLite would lock and drop records,Added PRAGMA journal_mode=WAL on connection open in SqliteBulkDatabaseManager,FR-004.4,NFR-013
BUG-017,AuditService Logging Null OldValue on Create Operations,Low,P3,Closed,v0.4,v0.4,29-03-2026,29-03-2026,Deepak,Deepak,LogEventAsync passed null OldValue for Create operations causing JSON serialization to store literal null string instead of empty JSON,Changed null OldValue to empty JSON object string {} for Create operations,FR-008.5,
BUG-018,UserCircuitAccess Query Loading All Users N+1,Medium,P2,Closed,v0.4,v0.4,01-04-2026,01-04-2026,Deepak,Deepak,GetUsersWithCircuitAccessAsync was querying UserCircuitAccess inside a foreach loop over users causing N+1 database queries,Replaced loop with single query using Include() and ToListAsync() in UserCircuitAccessRepository,FR-008.4,
BUG-019,BatterySession EndTime Not Set on Stop Command,Medium,P2,Closed,v0.4,v0.4,03-04-2026,03-04-2026,Deepak,Deepak,StopProgram flow called session update but did not set EndTime field; sessions remained with null EndTime after completion,Added EndTime = DateTime.Now assignment in ProgramServices.UpdateSessionOnStop(),FR-005.11,
BUG-020,Calibration Buffer Returns Stale Data After New Calibration,Medium,P2,Closed,v0.4,v0.4,11-04-2026,11-04-2026,Deepak,Deepak,_calibrationBuffer array in CircuitCommandHandler was filled sequentially but index was not reset after reading; old entries mixed with new,Reset buffer index to 0 and used circular write pattern; oldest entry replaced when buffer full (max 3 records),FR-006.5,
BUG-021,Device Discovery Multi-NIC Broadcast Race Condition,Medium,P2,Closed,v0.4,v0.4,13-04-2026,13-04-2026,Deepak,Deepak,BroadcastUdpService was sending broadcast on all NICs in parallel but single receive listener could miss replies if they arrived before listener was ready,Changed to start listener first then send broadcasts; added small delay between broadcast sends per NIC,FR-001.1,
BUG-022,Excel Export Missing DBC CAN Columns,Medium,P2,Closed,v0.4,v0.4,16-04-2026,16-04-2026,Deepak,Deepak,BmsExcelExport was built with hardcoded column list; dynamically added DBC signal columns in session SQLite were not included in export,Refactored BmsExcelExport to read column names dynamically from DataTable source instead of hardcoded list,FR-010.1,
BUG-023,Toast.razor Build Errors CS0101/CS8802/CS0426,Critical,P1,Closed,v0.4,v0.5,15-04-2026,01-05-2026,Deepak,Deepak,Inline __builder => lambdas used inside switch expression arms in Toast.razor caused CS0101 duplicate type and related build errors,Refactored Toast.razor switch expression to standard if-else blocks; removed all inline lambda patterns,NFR-010,
BUG-024,Dockerfile ASPNETCORE_URLS Port Mismatch,High,P1,Closed,v0.4,v0.5,20-04-2026,01-05-2026,Deepak,Deepak,Dockerfile had ASPNETCORE_URLS pointing to wrong port; application container not reachable on expected port 5000 after docker compose up,Set ASPNETCORE_URLS=http://+:5000 and corrected matching EXPOSE 5000 directive in Dockerfile,NFR-007,
BUG-025,GitHub Actions CI/CD Running on windows-latest,High,P1,Closed,v0.3,v0.5,10-04-2026,01-05-2026,Deepak,Deepak,Workflow used windows-latest runner which does not have Docker daemon; Docker build and push steps failed silently,Switched workflow runner to ubuntu-latest which has full Docker support,NFR-010,
BUG-026,CI/CD Docker Push Job Missing needs Build Dependency,High,P1,Closed,v0.3,v0.5,10-04-2026,01-05-2026,Deepak,Deepak,Docker push job had no dependency on build job; could start before build artifacts were available causing flaky pipeline failures,Added needs: build declaration to the Docker push/release job in workflow YAML,NFR-010,
BUG-027,CI/CD Docker Push Failing - Wrong Registry and Auth,High,P1,Closed,v0.3,v0.5,12-04-2026,01-05-2026,Deepak,Deepak,Workflow configured to push to DockerHub but credentials not set; GITHUB_TOKEN cannot authenticate to DockerHub,Switched target registry to ghcr.io; used GITHUB_TOKEN for authentication; no additional secrets required,NFR-011,
BUG-028,CI/CD Missing packages:write Permission for ghcr.io,High,P1,Closed,v0.4,v0.5,14-04-2026,01-05-2026,Deepak,Deepak,Default GITHUB_TOKEN permissions do not include packages:write; push to ghcr.io container registry returned 403 Forbidden error,Added permissions: packages: write to the GitHub Actions workflow YAML file,NFR-011,
BUG-029,CS0108/CS0114 Compiler Warnings in Repository Classes,Low,P3,Closed,v0.4,v0.5,05-04-2026,02-05-2026,Deepak,Deepak,Repository implementation classes overrode base members without new or override keyword causing CS0108/CS0114 warnings at build time,Applied new keyword where intentional hide is correct; applied override keyword where applicable; documented remaining cases,NFR-016,No functional impact
BUG-030,RELEASE_NOTES.md Incorrectly Contains ICD Content,Medium,P2,Closed,v0.5,v0.5,07-05-2026,07-05-2026,Deepak,Deepak,ICD content was accidentally merged/pasted into RELEASE_NOTES.md during document authoring; two documents in one file,Removed all ICD content from RELEASE_NOTES.md; file now contains release notes only,CI-008,Found in docs audit
BUG-031,QAP.md Incorrectly Contains CMP Content,Medium,P2,Closed,v0.5,v0.5,07-05-2026,07-05-2026,Deepak,Deepak,CMP content was accidentally merged/pasted into QAP.md during document authoring,Removed CMP content from QAP.md; file now contains Quality Assurance Plan only,CI-008,Found in docs audit
BUG-032,INDEX.md Missing ARCHITECTURE_CAPACITY.md Entry,Low,P2,Closed,v0.5,v0.5,07-05-2026,07-05-2026,Deepak,Deepak,New ARCHITECTURE_CAPACITY.md document added to Docs folder without updating the documentation index,Added as entry #13 in INDEX.md; CMMI TS process area table updated,CI-008,Found in docs audit
BUG-033,DBD.md Missing Scheduler Tables and Migration Entry,Medium,P2,Closed,v0.5,v0.5,07-05-2026,07-05-2026,Deepak,Deepak,ProgramSchedules and ScheduleExecutionLogs tables created via EF Core migration were not documented in Database Design Document,Added full table schemas and AddProgramScheduler migration to DBD.md,CI-008,Found in docs audit
BUG-034,RTM.md Missing FR-011 Scheduler Traceability,Medium,P2,Closed,v0.5,v0.5,07-05-2026,07-05-2026,Deepak,Deepak,Scheduler feature requirements had no traceability entries in RTM; CMMI REQM compliance gap,Added FR-011 section with 10 traced requirements linking repository/service/implementation to test IDs,CI-008,Found in docs audit
